Year,IE SFP,IE 1U SFP,IE 2U SFP,IE 4U SFP,IE MFP,HLD SFP,HLD 1U SFP,HLD 2U SFP,HLD 4U SFP,HLD MFP,,,,,,,,,,,,,,,,,,,,,,,,,,,,,,,,,,
1980,12484,10972,484,1028,1523,1308,879,68,361,930,,,,,,,,,,,,,,,,,,,,,,,,,,,,,,,,,,
1981,9966,8915,288,763,966,1314,898,228,188,712,,,,,,,,,,,,,,,,,,,,,,,,,,,,,,,,,,
1982,7885,7104,160,621,1228,1574,1333,72,169,302,,,,,,,,,,,,,,,,,,,,,,,,,,,,,,,,,,
1983,17855,16583,562,710,3710,2965,2171,286,508,802,,,,,,,,,,,,,,,,,,,,,,,,,,,,,,,,,,
1984,29138,20825,676,7637,10568,2987,2124,318,545,2488,,,,,,,,,,,,,,,,,,,,,,,,,,,,,,,,,,
1985,20656,18498,588,1570,18791,2758,1751,492,515,2503,,,,,,,,,,,,,,,,,,,,,,,,,,,,,,,,,,
1986,31944,29806,568,1570,18791,4601,3498,534,569,2991,,,,,,,,,,,,,,,,,,,,,,,,,,,,,,,,,,
1987,28581,26756,562,1263,7739,2428,2090,110,228,548,,,,,,,,,,,,,,,,,,,,,,,,,,,,,,,,,,
1988,40143,39005,250,888,7067,4538,4227,128,183,1486,,,,,,,,,,,,,,,,,,,,,,,,,,,,,,,,,,
1989,31062,30450,136,476,5643,8252,7762,218,272,492,,,,,,,,,,,,,,,,,,,,,,,,,,,,,,,,,,
1990,17938,17475,216,247,4339,6002,5808,120,74,490,,,,,,,,,,,,,,,,,,,,,,,,,,,,,,,,,,
1991,10308,9942,54,312,2102,3813,3405,150,258,376,,,,,,,,,,,,,,,,,,,,,,,,,,,,,,,,,,
1992,10350,10218,56,76,797,5095,4259,66,770,195,,,,,,,,,,,,,,,,,,,,,,,,,,,,,,,,,,
1993,9706,9516,66,124,467,3381,3326,30,25,40,,,,,,,,,,,,,,,,,,,,,,,,,,,,,,,,,,
1994,9657,9465,48,144,162,3378,3253,10,115,31,,,,,,,,,,,,,,,,,,,,,,,,,,,,,,,,,,
1995,8424,8418,6,0,147,2334,2293,30,11,0,,,,,,,,,,,,,,,,,,,,,,,,,,,,,,,,,,
1996,9503,9470,10,23,400,2432,2394,8,30,178,,,,,,,,,,,,,,,,,,,,,,,,,,,,,,,,,,
1997,11431,11412,4,15,1149,2642,2554,6,82,68,,,,,,,,,,,,,,,,,,,,,,,,,,,,,,,,,,
1998,12755,12723,16,16,1702,3625,3547,34,44,583,,,,,,,,,,,,,,,,,,,,,,,,,,,,,,,,,,
1999,15109,15103,6,0,1443,4082,3915,16,151,287,191500,126000,,,,,,,,,,,,,,,,,,,,,,,,,,,,,,,,
2000,15032,14865,24,143,1722,4266,4225,16,25,476,202500,150250,,,,,,,,,,,,,,,,,,,,,,,,,,,,,,,,
2001,18921,18727,38,156,2545,5106,4965,30,111,941,217000,165000,,,,,,,,,,,,,,,,,,,,,,,,,,,,,,,,
2002,24364,24222,20,122,1436,6324,6143,138,43,677,248500,183500,,,,,,,,,,,,,,,,,,,,,,,,,,,,,,,,
2003,26356,25986,150,220,4746,10695,10346,152,197,822,290000,232500,,,,,,,,,,,,,,,,,,,,,,,,,,,,,,,,
2004,30123,29418,76,629,6606,15004,14624,80,300,630,368000,285500,,,,,,,,,,,,,,,,,,,,,,,,,,,,,,,,
2005,32821,32305,62,454,3500,14836,14281,370,185,952,452000,376000,,,,,,,,,,,,,,,,,,,,,,,,,,,,,,,,
2006,23309,22851,222,236,2654,11751,11246,212,293,974,437250,407750,,,,,,,,,,,,,,,,,,,,,,,,,,,,,,,,
2007,12854,12373,46,435,2823,4193,3953,82,158,523,387000,365000,,,,,,,,,,,,,,,,,,,,,,,,,,,,,,,,
2008,4565,4405,46,114,1981,1449,1392,14,43,952,315000,300500,,,,,,,,,,,,,,,,,,,,,,,,,,,,,,,,
2009,3990,3922,10,58,1284,1006,1006,0,0,96,259250,230500,,,,,,,,,,,,,,,,,,,,,,,,,,,,,,,,
2010,4416,4254,14,148,726,1099,1087,8,4,149,273000,228500,,,,,,,,,,,,,,,,,,,,,,,,,,,,,,,,
2011,2694,2625,18,51,1219,779,777,2,0,68,254250,230000,,,,,,,,,,,,,,,,,,,,,,,,,,,,,,,,
2012,3874,3752,22,100,883,763,756,0,7,449,265000,234000,,,,,,,,,,,,,,,,,,,,,,,,,,,,,,,,
2013,5515,5215,200,100,2117,1323,1315,8,0,451,324500,272000,,,,,,,,,,,,,,,,,,,,,,,,,,,,,,,,
2014,5877,5594,76,207,2532,1674,1662,12,0,117,339500,303000,,,,,,,,,,,,,,,,,,,,,,,,,,,,,,,,
2015,6793,6579,116,98,1853,1253,1237,0,16,66,355000,336500,,,,,,,,,,,,,,,,,,,,,,,,,,,,,,,,
2016,7684,7612,2,70,1631,1303,1225,72,6,303,370500,341500,,,,,,,,,,,,,,,,,,,,,,,,,,,,,,,,
2017,8917.090909,8574.545455,165.8181818,176.7272727,2876.727273,1834.909091,1717.090909,10.90909091,106.9090909,206.1818182,393500,364500,,,,,,,,,,,,,,,,,,,,,,,,,,,,,,,,
2018,10144.8,,,,0,,,,,,396083,378027,,,,,,,,,,,,,,,,,,,,,,,,,,,,,,,,
2019,13070.4,,,,0,,,,,,,,,,,,,,,,,,,,,,,,,,,,,,,,,,,,,,,
2020,13933.6,,,,0,,,,,,,,,,,,,,,,,,,,,,,,,,,,,,,,,,,,,,,
2021,13833.6,,,,0,,,,,,,,,,,,,,,,,,,,,,,,,,,,,,,,,,,,,,,
